{
  "accuracy": 0.6763333333333333,
  "auc": 0.6390342803124534
}